time_s,state,position_cm,velocity_cms,distance_cm
0.05,PATH_PLANNING,0,0,150
0.1,PATH_PLANNING,0,0,150
0.15,PATH_PLANNING,0,0,150
0.2,PATH_PLANNING,0,0,150
0.25,PATH_PLANNING,0,0,150
0.3,PATH_PLANNING,0,0,150
0.35,MOVING,0,31.3725,150
0.4,MOVING,1.56863,31.3725,148.431
0.45,MOVING,3.13725,31.3725,146.863
0.5,MOVING,4.70588,31.3725,145.294
0.55,MOVING,6.27451,31.3725,143.725
0.6,MOVING,7.84314,31.3725,142.157
0.65,MOVING,9.41176,31.3725,140.588
0.7,MOVING,10.9804,31.3725,139.02
0.75,MOVING,12.549,31.3725,137.451
0.8,MOVING,14.1176,31.3725,135.882
0.85,MOVING,15.6863,31.3725,134.314
0.9,MOVING,17.2549,31.3725,132.745
0.95,MOVING,18.8235,31.3725,131.176
1,MOVING,20.3922,31.3725,129.608
1.05,MOVING,21.9608,31.3725,128.039
1.1,MOVING,23.5294,31.3725,126.471
1.15,MOVING,25.098,31.3725,124.902
1.2,MOVING,26.6667,31.3725,123.333
1.25,MOVING,28.2353,31.3725,121.765
1.3,MOVING,29.8039,31.3725,120.196
1.35,MOVING,31.3725,31.3725,118.627
1.4,MOVING,32.9412,31.3725,117.059
1.45,MOVING,34.5098,31.3725,115.49
1.5,MOVING,36.0784,31.3725,113.922
1.55,MOVING,37.6471,31.3725,112.353
1.6,MOVING,39.2157,31.3725,110.784
1.65,MOVING,40.7843,31.3725,109.216
1.7,MOVING,42.3529,31.3725,107.647
1.75,MOVING,43.9216,31.3725,106.078
1.8,MOVING,45.4902,31.3725,104.51
1.85,MOVING,47.0588,31.3725,102.941
1.9,MOVING,48.6275,31.3725,101.373
1.95,MOVING,50.1961,31.3725,99.8039
2,MOVING,51.7647,31.3725,98.2353
2.05,MOVING,53.3333,31.3725,96.6667
2.1,MOVING,54.902,31.3725,95.098
2.15,MOVING,56.4706,31.3725,93.5294
2.2,MOVING,58.0392,31.3725,91.9608
2.25,MOVING,59.6078,31.3725,90.3922
2.3,MOVING,61.1765,31.3725,88.8235
2.35,MOVING,62.7451,31.3725,87.2549
2.4,MOVING,64.3137,31.3725,85.6863
2.45,MOVING,65.8824,31.3725,84.1176
2.5,MOVING,67.451,31.3725,82.549
2.55,MOVING,69.0196,31.3725,80.9804
2.6,MOVING,70.5882,31.3725,79.4118
2.65,MOVING,72.1569,31.3725,77.8431
2.7,MOVING,73.7255,31.3725,76.2745
2.75,MOVING,75.2941,31.3725,74.7059
2.8,MOVING,76.8627,31.3725,73.1373
2.85,MOVING,78.4314,31.3725,71.5686
2.9,MOVING,80,31.3725,70
2.95,MOVING,81.5686,31.3725,68.4314
3,MOVING,83.1373,31.3725,66.8627
3.05,MOVING,84.7059,31.3725,65.2941
3.1,MOVING,86.2745,31.3725,63.7255
3.15,MOVING,87.8431,31.3725,62.1569
3.2,MOVING,89.4118,31.3725,60.5882
3.25,MOVING,90.9804,31.3725,59.0196
3.3,MOVING,92.549,31.3725,57.451
3.35,MOVING,94.1176,31.3725,55.8824
3.4,MOVING,95.6863,31.3725,54.3137
3.45,MOVING,97.2549,31.3725,52.7451
3.5,MOVING,98.8235,31.3725,51.1765
3.55,MOVING,100.392,31.3725,49.6078
3.6,MOVING,101.961,31.3725,48.0392
3.65,MOVING,103.529,31.3725,46.4706
3.7,MOVING,105.098,31.3725,44.902
3.75,MOVING,106.667,31.3725,43.3333
3.8,MOVING,108.235,31.3725,41.7647
3.85,MOVING,109.804,31.3725,40.1961
3.9,MOVING,111.373,31.3725,38.6275
3.95,MOVING,112.941,31.3725,37.0588
4,MOVING,114.51,31.3725,35.4902
4.05,MOVING,116.078,31.3725,33.9216
4.1,MOVING,117.647,31.3725,32.3529
4.15,MOVING,119.216,31.3725,30.7843
4.2,MOVING,120.784,31.3725,29.2157
4.25,MOVING,122.353,31.3725,27.6471
4.3,MOVING,123.922,31.3725,26.0784
4.35,MOVING,125.49,31.3725,24.5098
4.4,MOVING,127.059,31.3725,22.9412
4.45,MOVING,128.627,31.3725,21.3725
4.5,MOVING,130.196,31.3725,19.8039
4.55,MOVING,131.765,31.3725,18.2353
4.6,MOVING,133.333,31.3725,16.6667
4.65,MOVING,134.902,31.3725,15.098
4.7,OBSTACLE_DETECTED,136.471,0,13.5294
4.75,OBSTACLE_DETECTED,136.471,0,13.5294
4.8,OBSTACLE_DETECTED,136.471,0,13.5294
4.85,OBSTACLE_DETECTED,136.471,0,13.5294
4.9,OBSTACLE_DETECTED,136.471,0,13.5294
4.95,OBSTACLE_DETECTED,136.471,0,13.5294
5,REROUTING,136.471,-23.5294,13.5294
5.05,REROUTING,135.294,-23.5294,14.7059
5.1,REROUTING,134.118,-23.5294,15.8824
5.15,REROUTING,132.941,-23.5294,17.0588
5.2,REROUTING,131.765,-23.5294,18.2353
5.25,REROUTING,130.588,-23.5294,19.4118
5.3,REROUTING,129.412,-23.5294,20.5882
5.35,REROUTING,128.235,-23.5294,21.7647
5.4,REROUTING,127.059,-23.5294,22.9412
5.45,REROUTING,125.882,-23.5294,24.1176
5.5,REROUTING,124.706,-23.5294,25.2941
5.55,REROUTING,123.529,-23.5294,26.4706
5.6,REROUTING,122.353,-23.5294,27.6471
5.65,REROUTING,121.176,-23.5294,28.8235
5.7,REROUTING,120,-23.5294,30
5.75,REROUTING,118.824,-23.5294,31.1765
5.8,REROUTING,117.647,31.3725,32.3529
5.85,REROUTING,119.216,31.3725,30.7843
5.9,REROUTING,120.784,31.3725,29.2157
5.95,REROUTING,122.353,31.3725,27.6471
6,REROUTING,123.922,31.3725,26.0784
6.05,REROUTING,125.49,31.3725,24.5098
6.1,REROUTING,127.059,31.3725,22.9412
6.15,REROUTING,128.627,31.3725,21.3725
6.2,REROUTING,130.196,31.3725,19.8039
6.25,REROUTING,131.765,31.3725,18.2353
6.3,REROUTING,133.333,31.3725,16.6667
6.35,REROUTING,134.902,31.3725,15.098
6.4,REROUTING,136.471,31.3725,13.5294
6.45,REROUTING,138.039,31.3725,11.9608
6.5,REROUTING,139.608,31.3725,10.3922
6.55,REROUTING,141.176,31.3725,8.82353
6.6,REROUTING,142.745,31.3725,7.2549
6.65,REROUTING,144.314,31.3725,5.68627
6.7,REROUTING,145.882,31.3725,4.11765
6.75,REROUTING,147.451,31.3725,2.54902
6.8,REROUTING,149.02,31.3725,0.980392
6.85,REROUTING,150.588,31.3725,199.412
6.9,REROUTING,152.157,31.3725,197.843
6.95,REROUTING,153.725,31.3725,196.275
7,MOVING,155.294,31.3725,194.706
7.05,MOVING,156.863,31.3725,193.137
7.1,MOVING,158.431,31.3725,191.569
7.15,MOVING,160,31.3725,190
7.2,MOVING,161.569,31.3725,188.431
7.25,MOVING,163.137,31.3725,186.863
7.3,MOVING,164.706,31.3725,185.294
7.35,MOVING,166.275,31.3725,183.725
7.4,MOVING,167.843,31.3725,182.157
7.45,MOVING,169.412,31.3725,180.588
7.5,MOVING,170.98,31.3725,179.02
7.55,MOVING,172.549,31.3725,177.451
7.6,MOVING,174.118,31.3725,175.882
7.65,MOVING,175.686,31.3725,174.314
7.7,MOVING,177.255,31.3725,172.745
7.75,MOVING,178.824,31.3725,171.176
7.8,MOVING,180.392,31.3725,169.608
7.85,MOVING,181.961,31.3725,168.039
7.9,MOVING,183.529,31.3725,166.471
7.95,MOVING,185.098,31.3725,164.902
8,MOVING,186.667,31.3725,163.333
8.05,MOVING,188.235,31.3725,161.765
8.1,MOVING,189.804,31.3725,160.196
8.15,MOVING,191.373,31.3725,158.627
8.2,MOVING,192.941,31.3725,157.059
8.25,MOVING,194.51,31.3725,155.49
8.3,MOVING,196.078,31.3725,153.922
8.35,MOVING,197.647,31.3725,152.353
8.4,MOVING,199.216,31.3725,150.784
8.45,MOVING,200.784,31.3725,149.216
8.5,MOVING,202.353,31.3725,147.647
8.55,MOVING,203.922,31.3725,146.078
8.6,MOVING,205.49,31.3725,144.51
8.65,MOVING,207.059,31.3725,142.941
8.7,MOVING,208.627,31.3725,141.373
8.75,MOVING,210.196,31.3725,139.804
8.8,MOVING,211.765,31.3725,138.235
8.85,MOVING,213.333,31.3725,136.667
8.9,MOVING,214.902,31.3725,135.098
8.95,MOVING,216.471,31.3725,133.529
9,MOVING,218.039,31.3725,131.961
9.05,MOVING,219.608,31.3725,130.392
9.1,MOVING,221.176,31.3725,128.824
9.15,MOVING,222.745,31.3725,127.255
9.2,MOVING,224.314,31.3725,125.686
9.25,MOVING,225.882,31.3725,124.118
9.3,MOVING,227.451,31.3725,122.549
9.35,MOVING,229.02,31.3725,120.98
9.4,MOVING,230.588,31.3725,119.412
9.45,MOVING,232.157,31.3725,117.843
9.5,MOVING,233.725,31.3725,116.275
9.55,MOVING,235.294,31.3725,114.706
9.6,MOVING,236.863,31.3725,113.137
9.65,MOVING,238.431,31.3725,111.569
9.7,MOVING,240,31.3725,110
9.75,MOVING,241.569,31.3725,108.431
9.8,MOVING,243.137,31.3725,106.863
9.85,MOVING,244.706,31.3725,105.294
9.9,MOVING,246.275,31.3725,103.725
9.95,MOVING,247.843,31.3725,102.157
10,MOVING,249.412,31.3725,100.588
10.05,MOVING,250.98,31.3725,99.0196
10.1,MOVING,252.549,31.3725,97.451
10.15,MOVING,254.118,31.3725,95.8824
10.2,MOVING,255.686,31.3725,94.3137
10.25,MOVING,257.255,31.3725,92.7451
10.3,MOVING,258.824,31.3725,91.1765
10.35,MOVING,260.392,31.3725,89.6078
10.4,MOVING,261.961,31.3725,88.0392
10.45,MOVING,263.529,31.3725,86.4706
10.5,MOVING,265.098,31.3725,84.902
10.55,MOVING,266.667,31.3725,83.3333
10.6,MOVING,268.235,31.3725,81.7647
10.65,MOVING,269.804,31.3725,80.1961
10.7,MOVING,271.373,31.3725,78.6275
10.75,MOVING,272.941,31.3725,77.0588
10.8,MOVING,274.51,31.3725,75.4902
10.85,MOVING,276.078,31.3725,73.9216
10.9,MOVING,277.647,31.3725,72.3529
10.95,MOVING,279.216,31.3725,70.7843
11,MOVING,280.784,31.3725,69.2157
11.05,MOVING,282.353,31.3725,67.6471
11.1,MOVING,283.922,31.3725,66.0784
11.15,MOVING,285.49,31.3725,64.5098
11.2,MOVING,287.059,31.3725,62.9412
11.25,MOVING,288.627,31.3725,61.3725
11.3,MOVING,290.196,31.3725,59.8039
11.35,MOVING,291.765,31.3725,58.2353
11.4,MOVING,293.333,31.3725,56.6667
11.45,MOVING,294.902,31.3725,55.098
11.5,MOVING,296.471,31.3725,53.5294
11.55,MOVING,298.039,31.3725,51.9608
11.6,MOVING,299.608,31.3725,50.3922
11.65,MOVING,301.176,31.3725,48.8235
11.7,MOVING,302.745,31.3725,47.2549
11.75,MOVING,304.314,31.3725,45.6863
11.8,MOVING,305.882,31.3725,44.1176
11.85,MOVING,307.451,31.3725,42.549
11.9,MOVING,309.02,31.3725,40.9804
11.95,MOVING,310.588,31.3725,39.4118
12,MOVING,312.157,31.3725,37.8431
12.05,MOVING,313.725,31.3725,36.2745
12.1,MOVING,315.294,31.3725,34.7059
12.15,MOVING,316.863,31.3725,33.1373
12.2,MOVING,318.431,31.3725,31.5686
12.25,MOVING,320,31.3725,30
12.3,MOVING,321.569,31.3725,28.4314
12.35,MOVING,323.137,31.3725,26.8627
12.4,MOVING,324.706,31.3725,25.2941
12.45,MOVING,326.275,31.3725,23.7255
12.5,MOVING,327.843,31.3725,22.1569
12.55,MOVING,329.412,31.3725,20.5882
12.6,MOVING,330.98,31.3725,19.0196
12.65,MOVING,332.549,31.3725,17.451
12.7,MOVING,334.118,31.3725,15.8824
12.75,OBSTACLE_DETECTED,335.686,0,14.3137
12.8,OBSTACLE_DETECTED,335.686,0,14.3137
12.85,OBSTACLE_DETECTED,335.686,0,14.3137
12.9,OBSTACLE_DETECTED,335.686,0,14.3137
12.95,OBSTACLE_DETECTED,335.686,0,14.3137
13,OBSTACLE_DETECTED,335.686,0,14.3137
13.05,REROUTING,335.686,-23.5294,14.3137
13.1,REROUTING,334.51,-23.5294,15.4902
13.15,REROUTING,333.333,-23.5294,16.6667
13.2,REROUTING,332.157,-23.5294,17.8431
13.25,REROUTING,330.98,-23.5294,19.0196
13.3,REROUTING,329.804,-23.5294,20.1961
13.35,REROUTING,328.627,-23.5294,21.3725
13.4,REROUTING,327.451,-23.5294,22.549
13.45,REROUTING,326.275,-23.5294,23.7255
13.5,REROUTING,325.098,-23.5294,24.902
13.55,REROUTING,323.922,-23.5294,26.0784
13.6,REROUTING,322.745,-23.5294,27.2549
13.65,REROUTING,321.569,-23.5294,28.4314
13.7,REROUTING,320.392,-23.5294,29.6078
13.75,REROUTING,319.216,-23.5294,30.7843
13.8,REROUTING,318.039,-23.5294,31.9608
13.85,REROUTING,316.863,31.3725,33.1373
13.9,REROUTING,318.431,31.3725,31.5686
13.95,REROUTING,320,31.3725,30
14,REROUTING,321.569,31.3725,28.4314
14.05,REROUTING,323.137,31.3725,26.8627
14.1,REROUTING,324.706,31.3725,25.2941
14.15,REROUTING,326.275,31.3725,23.7255
14.2,REROUTING,327.843,31.3725,22.1569
14.25,REROUTING,329.412,31.3725,20.5882
14.3,REROUTING,330.98,31.3725,19.0196
14.35,REROUTING,332.549,31.3725,17.451
14.4,REROUTING,334.118,31.3725,15.8824
14.45,REROUTING,335.686,31.3725,14.3137
14.5,REROUTING,337.255,31.3725,12.7451
14.55,REROUTING,338.824,31.3725,11.1765
14.6,REROUTING,340.392,31.3725,9.60784
14.65,REROUTING,341.961,31.3725,8.03922
14.7,REROUTING,343.529,31.3725,6.47059
14.75,REROUTING,345.098,31.3725,4.90196
14.8,REROUTING,346.667,31.3725,3.33333
14.85,REROUTING,348.235,31.3725,1.76471
14.9,REROUTING,349.804,31.3725,0.196078
14.95,REROUTING,351.373,31.3725,148.627
15,REROUTING,352.941,31.3725,147.059
15.05,MOVING,354.51,31.3725,145.49
15.1,MOVING,356.078,31.3725,143.922
15.15,MOVING,357.647,31.3725,142.353
15.2,MOVING,359.216,31.3725,140.784
15.25,MOVING,360.784,31.3725,139.216
15.3,MOVING,362.353,31.3725,137.647
15.35,MOVING,363.922,31.3725,136.078
15.4,MOVING,365.49,31.3725,134.51
15.45,MOVING,367.059,31.3725,132.941
15.5,MOVING,368.627,31.3725,131.373
15.55,MOVING,370.196,31.3725,129.804
15.6,MOVING,371.765,31.3725,128.235
15.65,MOVING,373.333,31.3725,126.667
15.7,MOVING,374.902,31.3725,125.098
15.75,MOVING,376.471,31.3725,123.529
15.8,MOVING,378.039,31.3725,121.961
15.85,MOVING,379.608,31.3725,120.392
15.9,MOVING,381.176,31.3725,118.824
15.95,MOVING,382.745,31.3725,117.255
16,MOVING,384.314,31.3725,115.686
16.05,MOVING,385.882,31.3725,114.118
16.1,MOVING,387.451,31.3725,112.549
16.15,MOVING,389.02,31.3725,110.98
16.2,MOVING,390.588,31.3725,109.412
16.25,MOVING,392.157,31.3725,107.843
16.3,MOVING,393.725,31.3725,106.275
16.35,MOVING,395.294,31.3725,104.706
16.4,MOVING,396.863,31.3725,103.137
16.45,MOVING,398.431,31.3725,101.569
16.5,MOVING,400,31.3725,100
16.55,MOVING,401.569,31.3725,98.4314
16.6,MOVING,403.137,31.3725,96.8627
16.65,MOVING,404.706,31.3725,95.2941
16.7,MOVING,406.275,31.3725,93.7255
16.75,MOVING,407.843,31.3725,92.1569
16.8,MOVING,409.412,31.3725,90.5882
16.85,MOVING,410.98,31.3725,89.0196
16.9,MOVING,412.549,31.3725,87.451
16.95,MOVING,414.118,31.3725,85.8824
17,MOVING,415.686,31.3725,84.3137
17.05,MOVING,417.255,31.3725,82.7451
17.1,MOVING,418.824,31.3725,81.1765
17.15,MOVING,420.392,31.3725,79.6078
17.2,MOVING,421.961,31.3725,78.0392
17.25,MOVING,423.529,31.3725,76.4706
17.3,MOVING,425.098,31.3725,74.902
17.35,MOVING,426.667,31.3725,73.3333
17.4,MOVING,428.235,31.3725,71.7647
17.45,MOVING,429.804,31.3725,70.1961
17.5,MOVING,431.373,31.3725,68.6275
17.55,MOVING,432.941,31.3725,67.0588
17.6,MOVING,434.51,31.3725,65.4902
17.65,MOVING,436.078,31.3725,63.9216
17.7,MOVING,437.647,31.3725,62.3529
17.75,MOVING,439.216,31.3725,60.7843
17.8,MOVING,440.784,31.3725,59.2157
17.85,MOVING,442.353,31.3725,57.6471
17.9,MOVING,443.922,31.3725,56.0784
17.95,MOVING,445.49,31.3725,54.5098
18,MOVING,447.059,31.3725,52.9412
18.05,MOVING,448.627,31.3725,51.3725
18.1,MOVING,450.196,31.3725,49.8039
18.15,MOVING,451.765,31.3725,48.2353
18.2,MOVING,453.333,31.3725,46.6667
18.25,MOVING,454.902,31.3725,45.098
18.3,MOVING,456.471,31.3725,43.5294
18.35,MOVING,458.039,31.3725,41.9608
18.4,MOVING,459.608,31.3725,40.3922
18.45,MOVING,461.176,31.3725,38.8235
18.5,MOVING,462.745,31.3725,37.2549
18.55,MOVING,464.314,31.3725,35.6863
18.6,MOVING,465.882,31.3725,34.1176
18.65,MOVING,467.451,31.3725,32.549
18.7,MOVING,469.02,31.3725,30.9804
18.75,MOVING,470.588,31.3725,29.4118
18.8,MOVING,472.157,31.3725,27.8431
18.85,MOVING,473.725,31.3725,26.2745
18.9,MOVING,475.294,31.3725,24.7059
18.95,MOVING,476.863,31.3725,23.1373
19,MOVING,478.431,31.3725,21.5686
19.05,MOVING,480,31.3725,20
19.1,MOVING,481.569,31.3725,18.4314
19.15,MOVING,483.137,31.3725,16.8627
19.2,MOVING,484.706,31.3725,15.2941
19.25,OBSTACLE_DETECTED,486.275,0,13.7255
19.3,OBSTACLE_DETECTED,486.275,0,13.7255
19.35,OBSTACLE_DETECTED,486.275,0,13.7255
19.4,OBSTACLE_DETECTED,486.275,0,13.7255
19.45,OBSTACLE_DETECTED,486.275,0,13.7255
19.5,OBSTACLE_DETECTED,486.275,0,13.7255
19.55,REROUTING,486.275,-23.5294,13.7255
19.6,REROUTING,485.098,-23.5294,14.902
19.65,REROUTING,483.922,-23.5294,16.0784
19.7,REROUTING,482.745,-23.5294,17.2549
19.75,REROUTING,481.569,-23.5294,18.4314
19.8,REROUTING,480.392,-23.5294,19.6078
19.85,REROUTING,479.216,-23.5294,20.7843
19.9,REROUTING,478.039,-23.5294,21.9608
19.95,REROUTING,476.863,-23.5294,23.1373
20,REROUTING,475.686,-23.5294,24.3137
20.05,REROUTING,474.51,-23.5294,25.4902
20.1,REROUTING,473.333,-23.5294,26.6667
20.15,REROUTING,472.157,-23.5294,27.8431
20.2,REROUTING,470.98,-23.5294,29.0196
20.25,REROUTING,469.804,-23.5294,30.1961
20.3,REROUTING,468.627,-23.5294,31.3725
20.35,REROUTING,467.451,31.3725,32.549
20.4,REROUTING,469.02,31.3725,30.9804
20.45,REROUTING,470.588,31.3725,29.4118
20.5,REROUTING,472.157,31.3725,27.8431
20.55,REROUTING,473.725,31.3725,26.2745
20.6,REROUTING,475.294,31.3725,24.7059
20.65,REROUTING,476.863,31.3725,23.1373
20.7,REROUTING,478.431,31.3725,21.5686
20.75,REROUTING,480,31.3725,20
20.8,REROUTING,481.569,31.3725,18.4314
20.85,REROUTING,483.137,31.3725,16.8627
20.9,REROUTING,484.706,31.3725,15.2941
20.95,REROUTING,486.275,31.3725,13.7255
21,REROUTING,487.843,31.3725,12.1569
21.05,REROUTING,489.412,31.3725,10.5882
21.1,REROUTING,490.98,31.3725,9.01961
21.15,REROUTING,492.549,31.3725,7.45098
21.2,REROUTING,494.118,31.3725,5.88235
21.25,REROUTING,495.686,31.3725,4.31373
21.3,REROUTING,497.255,31.3725,2.7451
21.35,REROUTING,498.824,31.3725,1.17647
21.4,REROUTING,500,31.3725,0
21.45,REROUTING,500,31.3725,0
21.5,REROUTING,500,31.3725,0
21.55,MOVING,500,31.3725,0
21.6,DOCKED,500,0,0
